,PLAYER,TEAM,STAT,THRESH,ODDS,TYPE,PROB,EV,HOUSE_PROB,PARLAY_EV,PARLAY_PROB,PARLAY_HOUSE_PROB,PARLAY_ID,TO_WIN,PROP_TAG
0,Tim Hardaway Jr.,Mavericks,points,3.5,-105,over,0.9416276642871979,4.192079579946456,0.5121951219512195,12.47226953104773,0.3994674652462189,0.05847583125545839,0,16.101082251082254,Tim Hardaway Jr._points_over
1,Naz Reid,Timberwolves,points,10.5,-110,over,0.7992157384052012,2.6288775029587392,0.5238095238095238,12.47226953104773,0.3994674652462189,0.05847583125545839,0,16.101082251082254,Naz Reid_points_over
2,Josh Green,Mavericks,points,3.5,-105,over,0.7405441826798396,2.2291217833031958,0.5121951219512195,12.47226953104773,0.3994674652462189,0.05847583125545839,0,16.101082251082254,Josh Green_points_over
3,Tim Hardaway Jr.,Mavericks,rebounds,1.5,135,over,0.7167821842416459,3.4221906648393388,0.425531914893617,12.47226953104773,0.3994674652462189,0.05847583125545839,0,16.101082251082254,Tim Hardaway Jr._rebounds_over
4,Tim Hardaway Jr.,Mavericks,points,3.5,-105,over,0.9416276642871979,4.192079579946456,0.5121951219512195,12.376214351368176,0.4116196456178068,0.06106612278393937,1,15.375691699604744,Tim Hardaway Jr._points_over
5,Naz Reid,Timberwolves,points,10.5,-110,over,0.7992157384052012,2.6288775029587392,0.5238095238095238,12.376214351368176,0.4116196456178068,0.06106612278393937,1,15.375691699604744,Naz Reid_points_over
6,Tim Hardaway Jr.,Mavericks,assists,0.5,-115,over,0.7630722413178782,2.133066603623644,0.5348837209302326,12.376214351368176,0.4116196456178068,0.06106612278393937,1,15.375691699604744,Tim Hardaway Jr._assists_over
7,Tim Hardaway Jr.,Mavericks,rebounds,1.5,135,over,0.7167821842416459,3.4221906648393388,0.425531914893617,12.376214351368176,0.4116196456178068,0.06106612278393937,1,15.375691699604744,Tim Hardaway Jr._rebounds_over
8,Tim Hardaway Jr.,Mavericks,points,3.5,-105,over,0.9416276642871979,4.192079579946456,0.5121951219512195,11.994135860101366,0.4184019349155225,0.06558535481235302,2,14.2473063973064,Tim Hardaway Jr._points_over
9,Naz Reid,Timberwolves,points,10.5,-110,over,0.7992157384052012,2.6288775029587392,0.5238095238095238,11.994135860101366,0.4184019349155225,0.06558535481235302,2,14.2473063973064,Naz Reid_points_over
10,Josh Green,Mavericks,rebounds,1.5,-135,over,0.7756454426963169,1.7509881123568314,0.574468085106383,11.994135860101366,0.4184019349155225,0.06558535481235302,2,14.2473063973064,Josh Green_rebounds_over
11,Tim Hardaway Jr.,Mavericks,rebounds,1.5,135,over,0.7167821842416459,3.4221906648393388,0.425531914893617,11.994135860101366,0.4184019349155225,0.06558535481235302,2,14.2473063973064,Tim Hardaway Jr._rebounds_over
12,Tim Hardaway Jr.,Mavericks,points,3.5,-105,over,0.9416276642871979,4.192079579946456,0.5121951219512195,11.976458631712635,0.38140206628971474,0.059712106757687955,3,15.7470225771468,Tim Hardaway Jr._points_over
13,Tim Hardaway Jr.,Mavericks,assists,0.5,-115,over,0.7630722413178782,2.133066603623644,0.5348837209302326,11.976458631712635,0.38140206628971474,0.059712106757687955,3,15.7470225771468,Tim Hardaway Jr._assists_over
14,Josh Green,Mavericks,points,3.5,-105,over,0.7405441826798396,2.2291217833031958,0.5121951219512195,11.976458631712635,0.38140206628971474,0.059712106757687955,3,15.7470225771468,Josh Green_points_over
15,Tim Hardaway Jr.,Mavericks,rebounds,1.5,135,over,0.7167821842416459,3.4221906648393388,0.425531914893617,11.976458631712635,0.38140206628971474,0.059712106757687955,3,15.7470225771468,Tim Hardaway Jr._rebounds_over
16,Tim Hardaway Jr.,Mavericks,points,3.5,-105,over,0.9416276642871979,4.192079579946456,0.5121951219512195,11.959980728653768,0.43478668386640135,0.06850025947067982,4,13.598484848484848,Tim Hardaway Jr._points_over
17,Daniel Gafford,Mavericks,assists,0.5,-150,over,0.8060199577091081,1.716832980909233,0.6000000000000001,11.959980728653768,0.43478668386640135,0.06850025947067982,4,13.598484848484848,Daniel Gafford_assists_over
18,Naz Reid,Timberwolves,points,10.5,-110,over,0.7992157384052012,2.6288775029587392,0.5238095238095238,11.959980728653768,0.43478668386640135,0.06850025947067982,4,13.598484848484848,Naz Reid_points_over
19,Tim Hardaway Jr.,Mavericks,rebounds,1.5,135,over,0.7167821842416459,3.4221906648393388,0.425531914893617,11.959980728653768,0.43478668386640135,0.06850025947067982,4,13.598484848484848,Tim Hardaway Jr._rebounds_over
20,Tim Hardaway Jr.,Mavericks,points,3.5,-105,over,0.9416276642871979,4.192079579946456,0.5121951219512195,11.884702440696437,0.4116196456178068,0.06558535481235302,5,14.2473063973064,Tim Hardaway Jr._points_over
21,Naz Reid,Timberwolves,points,10.5,-110,over,0.7992157384052012,2.6288775029587392,0.5238095238095238,11.884702440696437,0.4116196456178068,0.06558535481235302,5,14.2473063973064,Naz Reid_points_over
22,Tim Hardaway Jr.,Mavericks,fg3m,0.5,-135,over,0.7630722413178782,1.6415546929519027,0.574468085106383,11.884702440696437,0.4116196456178068,0.06558535481235302,5,14.2473063973064,Tim Hardaway Jr._fg3m_over
23,Tim Hardaway Jr.,Mavericks,rebounds,1.5,135,over,0.7167821842416459,3.4221906648393388,0.425531914893617,11.884702440696437,0.4116196456178068,0.06558535481235302,5,14.2473063973064,Tim Hardaway Jr._rebounds_over
24,Tim Hardaway Jr.,Mavericks,points,3.5,-105,over,0.9416276642871979,4.192079579946456,0.5121951219512195,11.824155052193948,0.35499547064996867,0.05708354955889985,6,16.51818181818182,Tim Hardaway Jr._points_over
25,Naz Reid,Timberwolves,points,10.5,-110,over,0.7992157384052012,2.6288775029587392,0.5238095238095238,11.824155052193948,0.35499547064996867,0.05708354955889985,6,16.51818181818182,Naz Reid_points_over
26,Tim Hardaway Jr.,Mavericks,rebounds,1.5,135,over,0.7167821842416459,3.4221906648393388,0.425531914893617,11.824155052193948,0.35499547064996867,0.05708354955889985,6,16.51818181818182,Tim Hardaway Jr._rebounds_over
27,Daniel Gafford,Mavericks,points,8.5,100,over,0.6581007304449416,1.5810073044494155,0.5,11.824155052193948,0.35499547064996867,0.05708354955889985,6,16.51818181818182,Daniel Gafford_points_over
28,Daniel Gafford,Mavericks,assists,0.5,-150,over,0.8060199577091081,1.716832980909233,0.6000000000000001,8.325820379527999,0.3700190151019534,0.09247535028541778,742,9.813692480359146,Daniel Gafford_assists_over
29,Naz Reid,Timberwolves,points,10.5,-110,over,0.7992157384052012,2.6288775029587392,0.5238095238095238,8.325820379527999,0.3700190151019534,0.09247535028541778,742,9.813692480359146,Naz Reid_points_over
30,Josh Green,Mavericks,rebounds,1.5,-135,over,0.7756454426963169,1.7509881123568314,0.574468085106383,8.325820379527999,0.3700190151019534,0.09247535028541778,742,9.813692480359146,Josh Green_rebounds_over
31,Josh Green,Mavericks,points,3.5,-105,over,0.7405441826798396,2.2291217833031958,0.5121951219512195,8.325820379527999,0.3700190151019534,0.09247535028541778,742,9.813692480359146,Josh Green_points_over
32,Daniel Gafford,Mavericks,assists,0.5,-150,over,0.8060199577091081,1.716832980909233,0.6000000000000001,7.277950181018675,0.30468592198024796,0.08827192527244425,1727,10.328630217519104,Daniel Gafford_assists_over
33,Josh Green,Mavericks,rebounds,1.5,-135,over,0.7756454426963169,1.7509881123568314,0.574468085106383,7.277950181018675,0.30468592198024796,0.08827192527244425,1727,10.328630217519104,Josh Green_rebounds_over
34,Josh Green,Mavericks,points,3.5,-105,over,0.7405441826798396,2.2291217833031958,0.5121951219512195,7.277950181018675,0.30468592198024796,0.08827192527244425,1727,10.328630217519104,Josh Green_points_over
35,Daniel Gafford,Mavericks,points,8.5,100,over,0.6581007304449416,1.5810073044494155,0.5,7.277950181018675,0.30468592198024796,0.08827192527244425,1727,10.328630217519104,Daniel Gafford_points_over
36,Daniel Gafford,Mavericks,assists,0.5,-150,over,0.8060199577091081,1.716832980909233,0.6000000000000001,7.122854719602189,0.32455128974798136,0.09629664575175735,1919,9.384577699392512,Daniel Gafford_assists_over
37,Josh Green,Mavericks,rebounds,1.5,-135,over,0.7756454426963169,1.7509881123568314,0.574468085106383,7.122854719602189,0.32455128974798136,0.09629664575175735,1919,9.384577699392512,Josh Green_rebounds_over
38,Josh Green,Mavericks,points,3.5,-105,over,0.7405441826798396,2.2291217833031958,0.5121951219512195,7.122854719602189,0.32455128974798136,0.09629664575175735,1919,9.384577699392512,Josh Green_points_over
39,Mike Conley,Timberwolves,points,10.5,-120,over,0.7010085646945012,1.425911843032929,0.5454545454545454,7.122854719602189,0.32455128974798136,0.09629664575175735,1919,9.384577699392512,Mike Conley_points_over
